scope,url,name,google place query (name from wiki),google place id
Alberta,http://albertacancer.ca/,Alberta Cancer Foundation donations office for Tom Baker Cancer Centre,Alberta Tom Baker Cancer Centre,ChIJv5rpALJvcVMRBSCJMR0VLww
Alberta,https://www.albertahealthservices.ca/findhealth/facility.aspx?id=6337,Alberta Hospital Edmonton,Alberta Alberta Hospital Edmonton,ChIJYfGXII47oFMRAv9S7Tw8mlI
Alberta,https://www.albertahealthservices.ca/findhealth/facility.aspx?id=1000284,Athabasca Healthcare Centre,Alberta Athabasca Healthcare Center,ChIJn-3BzHDXo1MRoR4MefYe9_Q
Alberta,https://www.albertahealthservices.ca/findhealth/facility.aspx?id=1000371,Barrhead Healthcare Centre,Alberta Barrhead Healthcare Centre,ChIJT2gkpxhcn1MRl3IA3KLH-O0
Alberta,https://www.albertahealthservices.ca/findhealth/facility.aspx?id=1000731,Bassano Health Centre,Alberta Bassano Health Centre,ChIJw-VdZMBhclMR2zPh0q9i0xs
Alberta,https://www.albertahealthservices.ca/findhealth/facility.aspx?id=1000182,Beaverlodge Municipal Hospital,Alberta Beaverlodge Regional Hospital,ChIJYYWSLVm8llMR9s3QOpRyjmE
Alberta,https://www.albertahealthservices.ca/findhealth/facility.aspx?id=1000734,Big Country Hospital,Alberta Big Country Health Centre,ChIJg9kz1e-kDVMRf1STWas7gQQ
Alberta,https://www.albertahealthservices.ca/findhealth/facility.aspx?id=1000373,Bonnyville Healthcare Centre,Alberta Bonnyville Health Centre,ChIJZyT0fYQHp1MRZGy-RfXHxKs
Alberta,https://www.albertahealthservices.ca/findhealth/facility.aspx?id=1000733,Bow Island Health Centre,Alberta Bow Island Health Centre,ChIJLzy-jUTlbFMRkfm2sjFkcVs
Alberta,https://www.albertahealthservices.ca/findhealth/facility.aspx?id=1024251,Boyle Healthcare Centre,Alberta Boyle Healthcare Centre,ChIJ0_eBTV9doVMRVzqrKbKGjqE
Alberta,https://www.albertahealthservices.ca/findhealth/facility.aspx?id=1000732,Brooks Health Centre,Alberta Brooks Health Centre,ChIJ9aQPm65jbVMRy96IbytdkEQ
Alberta,https://www.albertahealthservices.ca/findhealth/facility.aspx?id=1000951,Canmore General Hospital,Alberta Canmore General Hospital,ChIJPfKQ-5PFcFMRHuWNj2oMFsE
Alberta,https://www.albertahealthservices.ca/findhealth/facility.aspx?id=3308,Cardston Health Centre,Alberta Cardston Hospital,ChIJ75eghtUmb1MRhTH-WGPRiQM
Alberta,https://www.albertahealthservices.ca/findhealth/facility.aspx?id=1000242,Centennial Centre for Mental Health and Brain Injury,Alberta Centennial Centre for Mental Health and Brain Injury (Alberta Hospital Ponoka),ChIJNbLZdysUdVMR9xP4d94KNT8
Alberta,https://www.albertahealthservices.ca/findhealth/facility.aspx?id=1000183,Central Peace Health Complex,Alberta Central Peace Health Complex,ChIJu_X_27gukVMR8HxdEqKCp8o
Alberta,https://www.albertahealthservices.ca/findhealth/facility.aspx?id=3312,Chinook Regional Hospital,Alberta Chinook Regional Hospital,ChIJ-an4a0iGblMRMyupsA0bmSs
Alberta,https://www.albertahealthservices.ca/findhealth/facility.aspx?id=1775,Claresholm General Hospital,Alberta Claresholm General Hospital,ChIJ5SpLd8M7blMRiNwYZGSTe9c
Alberta,https://www.albertahealthservices.ca/findhealth/facility.aspx?id=1493,Cochrane Community Health Centre,Alberta Cochrane Community Health Centre,ChIJudTUD51AcVMRSQdmvc1Gd3s
Alberta,https://www.albertahealthservices.ca/findhealth/facility.aspx?id=1000379,Cold Lake Healthcare Centre,Alberta Cold Lake Healthcare Centre,ChIJyxlL5A3Lp1MRHY4CacIE4bY
Alberta,https://www.albertahealthservices.ca/findhealth/Service.aspx?id=7486&serviceAtFacilityID=1076316,Consort Community Health Centre,Alberta Consort Health Centre,ChIJgXqkdTJsDFMR5W4q9GVZvMQ
Alberta,https://www.albertahealthservices.ca/findhealth/facility.aspx?id=1000296,Coronation Hospital and Care Centre,Alberta Coronation Hospital and Care Centre,ChIJD444lBaCDFMR03Rh3qe0-cg
Alberta,https://www.albertahealthservices.ca/findhealth/facility.aspx?id=3310,Crowsnest Pass Health Centre,Alberta Crowsnest Pass Hospital,ChIJVUtLUBWOb1MR2bTtoiyrlnQ
Alberta,https://www.albertahealthservices.ca/findhealth/facility.aspx?id=1000317,Daysland Health Centre,Alberta Daysland Health Centre,ChIJPRmFBprvClMR-x7BUZCftcU
Alberta,https://www.albertahealthservices.ca/findhealth/facility.aspx?id=1005752,Devon General Hospital,Alberta Devon General Hospital,ChIJUbz-inHxn1MRWxYdFGed_CE
Alberta,https://www.albertahealthservices.ca/findhealth/facility.aspx?id=1000305,Drumheller Health Centre,Alberta Drumheller Health Centre,ChIJQ9_Ex28Nc1MRJybuEKEpWaY
Alberta,https://www.albertahealthservices.ca/findhealth/facility.aspx?id=1000390,Elk Point Community Health Services,Alberta Elk Point Healthcare Centre,ChIJf46lodM_p1MRl4BRsZdBRxY
Alberta,http://www.ahs.ca/fmc,Foothills Medical Centre,Alberta Foothills Medical Centre,ChIJv2qOXa5vcVMRTLIcT8ovbag
Alberta,https://www.albertahealthservices.ca/findhealth/facility.aspx?id=3311,Fort Macleod Health Centre,Alberta Fort Macleod Hospital,ChIJhzBXog1ablMRSRttBlAPU58
Alberta,https://www.ahs.ca/hf/page15459.aspx,Fort Saskatchewan Community Hospital,Alberta Fort Saskatchewan Community Hospital,ChIJn1YiSHtHoFMRGqDG5Q2bsaA
Alberta,https://www.albertahealthservices.ca/findhealth/facility.aspx?id=1000451,George McDougall - Smoky Lake Healthcare Centre,Alberta George McDougall Health Centre,ChIJh68zeIEZoVMRZSPnQwmVwpI
Alberta,https://www.ahs.ca/grh,Glenrose Rehabilitation Hospital,Alberta Glenrose Rehabilitation Hospital,ChIJp-GR3K0joFMRLQLQ_5BrLZI
Alberta,https://www.albertahealthservices.ca/about/Page2408.aspx,GP Regional Hospital,Alberta Grande Prairie Regional Hospital (2019),ChIJZ5GCpVmRkFMR_i_A-BPKluo
Alberta,https://www.albertahealthservices.ca/findhealth/facility.aspx?id=1000311,Hanna Health Centre,Alberta Hanna Health Centre,ChIJ098rrxPKDFMR9u3Mx0rE3qs
Alberta,https://www.albertahealthservices.ca/findhealth/facility.aspx?id=1000341,Hardisty Health Centre,Alberta Hardisty Health Centre,ChIJ13TEMP25C1MRdJ93nxeXNb8
Alberta,https://www.albertahealthservices.ca/findhealth/facility.aspx?id=1000193,High Prairie Health Complex,Alberta High Prairie Health Complex,ChIJuS0N08cnmFMRO34G4DYQKw0
Alberta,https://www.albertahealthservices.ca/findhealth/facility.aspx?id=1000953,High River General Hospital,Alberta High River General Hospital,ChIJ72htlkGVcVMRkCTLlT7Dpec
Alberta,https://www.albertahealthservices.ca/findhealth/facility.aspx?id=1000403,Hinton Healthcare Centre,Alberta Hinton Healthcare Centre,ChIJhdCMLOSNnFMRsLpSZJUpSJE
Alberta,https://www.albertahealthservices.ca/findhealth/facility.aspx?id=1000315,Innisfail Health Centre,Alberta Innisfail Health Centre,ChIJoXtKgW9BdFMRxaQoZkhEY3M
Alberta,https://www.albertahealthservices.ca/findhealth/facility.aspx?id=1000356,Killam Health Care Centre,Alberta Killam Health Centre,ChIJq74334P_ClMR4Y4uDkUdIPc
Alberta,https://www.albertahealthservices.ca/findhealth/facility.aspx?id=1022053,Lacombe Hospital and Care Centre,Alberta Lacombe Hospital and Care Centre,ChIJ66doTgEEdVMRkIBPwiGVNhQ
Alberta,https://www.albertahealthservices.ca/findhealth/facility.aspx?id=1000187,Lamont Health Care Centre,Alberta Lamont Health Care Centre,ChIJtd53rjtZoFMRE57sosMPq18
Alberta,https://www.albertahealthservices.ca/findhealth/facility.aspx?id=7825,Leduc Community Hospital,Alberta Leduc Community Hospital & Health Centre,ChIJY19Q32z5n1MRlOiPGOeoNbc
Alberta,https://www.albertahealthservices.ca/findhealth/facility.aspx?id=7825,Leduc Community Hospital,Alberta Leduc Community Hospital,ChIJY19Q32z5n1MRlOiPGOeoNbc
Alberta,https://www.albertahealthservices.ca/findhealth/facility.aspx?id=1000424,Mayerthorpe Healthcare Centre,Alberta Mayerthorpe Healthcare Centre,ChIJU7KREX7QnlMRiDMYmb5ez7c
Alberta,https://www.albertahealthservices.ca/findhealth/facility.aspx?id=1000474,Medicine Hat Regional Hospital,Alberta Medicine Hat Regional Hospital,ChIJwQhkeeUsE1MRBUkl1zST4XA
Alberta,https://www.albertahealthservices.ca/findhealth/facility.aspx?id=7820,Misericordia Community Hospital,Alberta Misericordia Community Hospital,ChIJW-6GbVAgoFMRw195frfL4Gc
Alberta,https://www.albertahealthservices.ca/findhealth/facility.aspx?id=1000952,Oilfields General Hospital,Alberta Oilfields General Hospital,ChIJ7xEhGZYNclMRjQjKUsh35P4
Alberta,https://www.albertahealthservices.ca/findhealth/facility.aspx?id=1000324,Olds Hospital and Care Centre,Alberta Olds Hospital and Care Centre,ChIJ26vvGNwQdFMRbSET4S22Ig4
Alberta,https://www.albertahealthservices.ca/findhealth/facility.aspx?id=1000291,Our Lady of the Rosary Hospital,Alberta Our Lady of the Rosary Hospital,ChIJAaavNpxBC1MR-OBb6mvM41c
Alberta,https://www.albertahealthservices.ca/findhealth/facility.aspx?id=1000203,Peace River Community Health Centre,Alberta Peace River Community Health Centre,ChIJu9n1c15FllMR5JMpRYOqL54
Alberta,https://www.albertahealthservices.ca/findhealth/facility.aspx?id=2,Peter Lougheed Centre,Alberta Peter Lougheed Centre,ChIJz2CHscZkcVMR-7yhzFoCIy4
Alberta,https://www.albertahealthservices.ca/findhealth/facility.aspx?id=3302,Pincher Creek Health Centre,Alberta Pincher Creek Hospital,ChIJbQ1xQWUKb1MRsUBXh_GLOYc
Alberta,https://www.albertahealthservices.ca/findhealth/facility.aspx?id=1000330,Ponoka Hospital and Care Centre,Alberta Ponoka Hospital and Care Centre,ChIJCQlAtjMUdVMRCauwyyK2xOQ
Alberta,https://www.albertahealthservices.ca/findhealth/facility.aspx?id=1000208,Queen Elizabeth II Hospital,Alberta Queen Elizabeth II Hospital,ChIJdTbGbbOWkFMRTZDosdmT9jw
Alberta,https://www.albertahealthservices.ca/findhealth/facility.aspx?id=3306,Raymond Health Centre,Alberta Raymond Hospital,ChIJbZmOcC6YblMRwpdxo2uBe8c
Alberta,https://www.albertahealthservices.ca/findhealth/facility.aspx?id=1000342,Red Deer Regional Hospital Centre,Alberta Red Deer Regional Hospital and Care Centre,ChIJIexPlSBUdFMRzAnJPPse3KI
Alberta,https://www.albertahealthservices.ca/findhealth/facility.aspx?id=6,Richmond Road Diagnostic and Treatment Centre,Alberta Richmond Road Diagnostic & Treatment Centre (RRDTC),ChIJCZbRVNRvcVMRk0DZ2Nnc3Ss
Alberta,https://www.albertahealthservices.ca/findhealth/facility.aspx?id=1000345,Rimbey Hospital and Care Centre,Alberta Rimbey Hospital and Care Centre,ChIJD_OSj8_ldVMRamJwSep6o7s
Alberta,https://www.albertahealthservices.ca/findhealth/facility.aspx?id=1000349,Rocky Mountain House Health Centre,Alberta Rocky Mountain House Hospital and Care Centre,ChIJnaYufC3ZdVMRpuT0fxt53e8
Alberta,http://www.ahs.ca/rgh,Rockyview General Hospital,Alberta Rockyview General Hospital,ChIJcfl_IglxcVMRQMjznTp5bOQ
Alberta,https://www.albertahealthservices.ca/findhealth/facility.aspx?id=1000209,Sacred Heart Community Health Centre,Alberta Sacred Heart Community Health Centre,ChIJU8iLGvmYl1MR2x1OrFTvEwA
Alberta,https://www.albertahealthservices.ca/findhealth/facility.aspx?id=1018406,Sheldon M. Chumir Health Centre,Alberta Sheldon M. Chumir Health Centre (SMCHC),ChIJo-hsmR1wcVMRpQKQroPjEFE
Alberta,http://www.ahs.ca/shc,South Health Campus,Alberta South Health Campus,ChIJOYhUv2WdcVMROpuwqa-DiGQ
Alberta,https://www.covenanthealth.ca/hospitals-care-centres/st-marys-health-care-centre/,St. Mary’s Health Care Centre,Alberta St. Mary's Health Centre,ChIJC-aQgReBdFMRqgBJZY-sH50
Alberta,https://www.albertahealthservices.ca/findhealth/facility.aspx?id=1000302,"St. Mary's Hospital, Camrose",Alberta St. Mary's Hospital,ChIJwYj44dC7ClMRjhv25WHC6Ns
Alberta,https://www.albertahealthservices.ca/findhealth/facility.aspx?id=1000446,St. Therese - St. Paul Healthcare Centre,Alberta St. Paul Health Care Centre,ChIJZca-rB05p1MRhBdbcjEJyYw
Alberta,https://www.albertahealthservices.ca/findhealth/facility.aspx?id=1000353,Stettler Hospital and Care Centre,Alberta Stettler Hospital and Care Centre,ChIJF6rQqRu4dFMR9H2OsPOJbk4
Alberta,https://www.albertahealthservices.ca/findhealth/facility.aspx?id=1000943,Strathmore District Health Services,Alberta Strathmore District Health Services,ChIJ1eQ1CGHMc1MR1W1BC34LS-c
Alberta,https://www.albertahealthservices.ca/findhealth/facility.aspx?id=1000932,Sturgeon Community Hospital,Alberta Sturgeon Community Hospital & Health Center,ChIJZTUlv_oloFMRodKY_eEBIos
Alberta,https://www.albertahealthservices.ca/findhealth/facility.aspx?id=1000359,Sundre Hospital and Care Centre,Alberta Sundre Hospital and Care Centre,ChIJk2KObm2idlMRvc6IHb8c1Zs
Alberta,https://www.albertahealthservices.ca/findhealth/facility.aspx?id=3307,Taber Health Centre,Alberta Taber Hospital,ChIJmb_8COA1bFMRe9XOwyImTP4
Alberta,http://threehillshealthdonations.ca/,Three Hills Health Centre,Alberta Three Hills Health Centre,ChIJoxDCaE2Ac1MRmnMZ5YhJ1WU
Alberta,https://www.albertahealthservices.ca/findhealth/facility.aspx?id=1000176,Tofield Health Centre,Alberta Tofield Health Centre,ChIJCan0rmR3oFMRwsPI-dlSyE4
Alberta,https://www.ahs.ca/uah,University of Alberta Hospital,Alberta University of Alberta Hospital,ChIJK8QK__UhoFMRX4j46u4WM0U
Alberta,https://www.albertahealthservices.ca/findhealth/facility.aspx?id=1000287,Vermilion Health Centre,Alberta Vermilion Health Centre,ChIJTUVt44ntCVMRNlNYJklgkgM
Alberta,https://www.albertahealthservices.ca/findhealth/facility.aspx?id=1000189,Viking Health Centre,Alberta Viking Health Centre,ChIJd40pJOtCClMReWKlPadc6Ys
Alberta,https://www.albertahealthservices.ca/findhealth/facility.aspx?id=1001052,Vulcan Community Health Centre,Alberta Vulcan Community Health Centre,ChIJGc_MrBj_cVMRsWPZ5VVruPU
Alberta,https://www.albertahealthservices.ca/findhealth/facility.aspx?id=1000326,Wainwright Health Centre,Alberta Wainwright Health Centre,ChIJp2BxQ6HWC1MRbH2pDcOCJCY
Alberta,https://www.albertahealthservices.ca/findhealth/facility.aspx?id=1044401,Westlock Healthcare Centre,Alberta Westlock Healthcare Centre,ChIJezXceV3CoVMRDkhfSW9v31Y
Alberta,https://www.albertahealthservices.ca/findhealth/facility.aspx?id=8828,WestView Health Centre,Alberta WestView Health Centre,ChIJUSh5VyWOn1MRyKVeDVPcNDs
Alberta,https://www.albertahealthservices.ca/findhealth/facility.aspx?id=1000366,Wetaskiwin Hospital and Care Centre,Alberta Wetaskiwin Hospital and Care Centre,ChIJhymMBx5OdVMR7s5hB7aPAVE
Alberta,https://www.albertahealthservices.ca/findhealth/facility.aspx?id=1000435,Whitecourt Healthcare Centre,Alberta Whitecourt Healthcare Centre,ChIJSS1mhVrTnlMRU83DFotUVtI
British Columbia,http://www.interiorhealth.ca/FindUs/_layouts/FindUs/info.aspx?type=Location&loc=100%20Mile%20District%20General%20Hospital&svc=Psychiatry&ploc=N/A,100 Mile District General Hospital,British Columbia 100 Mile District General Hospital,ChIJEUe5WRpsgFMRspWePDxuipg
British Columbia,http://www.fraserhealth.ca/,Abbotsford Regional Hospital and Cancer Centre,British Columbia Abbotsford Regional Hospital and Cancer Centre,ChIJC_F0l6hKhFQRqLPRlOyvJTA
British Columbia,https://www.interiorhealth.ca/FindUs/_layouts/FindUs/info.aspx?type=Location&loc=Arrow%20Lakes%20Hospital&svc=HIV%20Testing&ploc=N/A,Arrow Lakes Hospital,British Columbia Arrow Lakes Hospital,ChIJuXQ71VhxfFMRlslJRFWMsKo
British Columbia,https://www.interiorhealth.ca/FindUs/_layouts/FindUs/info.aspx?type=Location&loc=Ashcroft%20Hospital%20and%20Community%20Health%20Care%20Centre&svc=Telehealth&ploc=N/A,Ashcroft Hospital Laboratory,British Columbia Ashcroft and District Hospital,ChIJQxL_hVc_gFQRzsin3FsPXtE
British Columbia,http://www.bccancer.bc.ca/,BC Cancer Agency,British Columbia BC Cancer Agency,ChIJTdt5scJzhlQRoLrpm7XB3gQ
British Columbia,http://www.bcchildrens.ca/,BC Children's Hospital,British Columbia Shriners Hospitals for Children,ChIJFYq9Lnl0hlQRNX53Bqegqcw
British Columbia,http://www.bcwomens.ca/,BC Women’s Hospital,British Columbia B.C. Women's Hospital & Health Centre,ChIJeYHSeIlzhlQR8i9J5gJj4vU
British Columbia,http://www.vch.ca/locations-services/directory-sub-pages/bella-coola-general-hospital-residential-care-details,Bella Coola General Hospital,British Columbia Bella Coola General Hospital,ChIJzY8HunR5elQRX6y6MDl6ZRo
British Columbia,http://www.belvederebc.com/belvedere-care-centre,Belvedere Care Centre,British Columbia Belvedere Care Centre,ChIJieA1YhF4hlQRD1sKWwVXyrM
British Columbia,http://www.interiorhealth.ca/FindUs/Pages/default.aspx,Boundary District Hospital,British Columbia Boundary Hospital,ChIJvdE2KUmsYlMRqualfs_Jukw
British Columbia,http://tcgcare.com/braddanprivatehospital,Braddan Private Hospital,British Columbia Braddan Private Hospital,ChIJ8zIITLNzhlQReZd8KGsAkJo
British Columbia,https://www.northernhealth.ca/locations/hospitals/bulkley-valley-district-hospital,Bulkley Valley District Hospital,British Columbia Bulkley Valley District Hospital,ChIJoducrdkLdVQRYu7zXeWGDmw
British Columbia,http://www.fraserhealth.ca/,Burnaby Hospital,British Columbia Fellburn Hospital,ChIJKzdPfud2hlQRJmYaCLBanfc
British Columbia,http://www.cambiesurgery.com/,Cambie Surgery Centre,British Columbia Cambie Surgery Centre,ChIJV8ANaehzhlQRUXSKHJQ4Oog
British Columbia,https://www.interiorhealth.ca/FindUs/_layouts/FindUs/info.aspx?type=Location&loc=Cariboo%20Memorial%20Hospital&svc=CT%20Scan&ploc=N/A,Cariboo Memorial Hospital,British Columbia Cariboo Memorial Hospital,ChIJb-ZEWHmjgFMRAohLzyd5FhY
British Columbia,http://www.interiorhealth.ca/,Castlegar and District Community Health Centre,British Columbia Castlegar and District Community Health Centre,ChIJX-WTQ1fTfFMRdO0uLJfscTM
British Columbia,https://www.islandhealth.ca/our-locations/hospitals-health-centre-locations/chemainus-health-care-centre,Chemainus Health Care Centre,British Columbia Chemainus Health Care Centre,ChIJB-p00edSj1QRTz8bpIXa7j0
British Columbia,https://www.northernhealth.ca/locations/long-term-care/chetwynd-hospital-and-health-centre,Chetwynd Hospital & Health Centre,British Columbia Chetwynd General Hospital,ChIJ1xGLPI79jVMRIQOk_xnVBGw
British Columbia,https://www.fraserhealth.ca/,Chilliwack General Hospital,British Columbia Chilliwack General Hospital,ChIJGZyX2HE_hFQRj1k9_DikwVU
British Columbia,https://www.islandhealth.ca/our-locations/hospitals-health-centre-locations/cormorant-island-health-centre,Cormorant Island Health Centre,British Columbia Cormorant Island Community Health Centre,ChIJ7cYjQwBxY1QREhygB70U0Xs
British Columbia,https://www.islandhealth.ca/our-locations/hospitals-health-centre-locations/cowichan-district-hospital,Cowichan District Hospital,British Columbia Cowichan District Hospital,ChIJ0dDq2kVPj1QR9FijhuMxo5E
British Columbia,https://www.interiorhealth.ca/Pages/default.aspx,Creston Valley Hospital & Health Centre,British Columbia Creston Valley Hospital,ChIJQ4qBeOFiY1MRLN5M8bmyru4
British Columbia,https://www.northernhealth.ca/locations/hospitals/dawson-creek-and-district-hospital,Dawson Creek & District Hospital,British Columbia Dawson Creek and District Hospital,ChIJt8G6jD2ZkVMRsVLY9lkrCRs
British Columbia,http://deltahospitalauxiliary.org/,Delta Hospital,British Columbia Delta Hospital,ChIJBakE6LfghVQRJg2iesXmtx0
British Columbia,https://www.interiorhealth.ca/FindUs/_layouts/FindUs/info.aspx?type=Location&loc=Dr.%20Helmcken%20Memorial%20Hospital&svc=Telehealth&ploc=N/A,Dr. Helmcken Memorial Hospital,British Columbia Dr. Helmcken Memorial Hospital,ChIJleOoFd7bgVMRNPLjTJzsMN8
British Columbia,https://www.islandhealth.ca/our-locations/long-term-care-locations/eagle-park-health-care-facility,Eagle Park Health Care Facility,British Columbia Eagle Park Health Care Facility,ChIJAw5XYtKOiFQR9HNzyRfoWRY
British Columbia,https://www.fraserhealth.ca/Service-Directory/Locations/Port-Moody/eagle-ridge-hospital#.XSqzNyUTGEc,Eagle Ridge Hospital,British Columbia Eagle Ridge Hospital,ChIJMYiV5NZ4hlQRzq7QSEcvv0g
British Columbia,https://www.interiorhealth.ca/FindUs/_layouts/FindUs/info.aspx?type=Location&loc=East%20Kootenay%20Regional%20Hospital&svc=&ploc=,East Kootenay Regional Hospital,British Columbia East Kootenay Regional Hospital,ChIJp6EG90vfZFMRX96Qkd1LHUg
British Columbia,http://www.interiorhealth.ca/,Elk Valley Hospital,British Columbia Elk Valley Hospital,ChIJjZMrMfNrZVMREGfR2h42nlE
British Columbia,http://www.northernhealth.ca,Fort Nelson General Hospital,British Columbia Fort Nelson General Hospital,ChIJJ64wUI6t7lMR7zZDQm-VtnU
British Columbia,https://www.northernhealth.ca/locations/hospitals/fort-st-john-hospital-peace-villa,Fort St. John Hospital,British Columbia Fort St. John General Hospital,ChIJeXHVIy40klMRVq67WpORgNI
British Columbia,https://www.fraserhealth.ca/Service-Directory/Locations/Hope/fraser-canyon-hospital,Fraser Canyon Hospital,British Columbia Fraser Canyon Hospital,ChIJ-e_EoLT1g1QRyyu19HwLNjI
British Columbia,https://www.northernhealth.ca/newsroom/upgrades-way-gr-baker-memorial-hospital-ministry-health,G.R. Baker Memorial Hospital,British Columbia G.R. Baker Memorial Hospital,ChIJr1zLJlEPh1MRMwptFdOG0R0
British Columbia,http://www.vch.ca/about-us/development-projects/pearson-dogwood-redevelopment/george-pearson-centre-redevelopment,George Pearson Centre,British Columbia George Pearson Centre,ChIJY37B3WF0hlQRonCBhTFKhSs
British Columbia,http://www.vch.ca/locations-and-services/find-locations/find-locations?site_id=73,GF Strong Rehabilitation Centre,British Columbia G. F. Strong Centre,ChIJo4EyfpJzhlQRuO5u5JURbFU
British Columbia,https://www.interiorhealth.ca/,Golden & District Hospital,British Columbia Golden and District General Hospital,ChIJP7XxkJm_eVMRXC3RSXyB6-4
British Columbia,https://www.islandhealth.ca/our-locations/long-term-care-locations/gorge-road-hospital-long-term-care,Gorge Road Hospital,British Columbia Gorge Road Hospital,ChIJZ2VWKnBzj1QRvZVp8N_dQhA
British Columbia,https://www.northernhealth.ca/locations/hospitals/haida-gwaii-hospital-and-health-centre-xaayda-gwaay-ngaaysdll-naay,Haida Gwaii Hospital - Xaayda Gwaay Ngaaysdll Naay,British Columbia Queen Charlotte Islands General Hospital ?€? Masset Site,ChIJP6WJj8bcbFQR8vFzn-DGchw
British Columbia,https://www.northernhealth.ca/locations/hospitals/haida-gwaii-hospital-and-health-centre-xaayda-gwaay-ngaaysdll-naay,Haida Gwaii Hospital - Xaayda Gwaay Ngaaysdll Naay,British Columbia Queen Charlotte Islands General Hospital,ChIJP6WJj8bcbFQR8vFzn-DGchw
British Columbia,http://www.providencehealthcare.org/hospitals-residences/holy-family-hospital,Holy Family Hospital,British Columbia Holy Family Hospital,ChIJdcG65jV0hlQRF5dulY0tK5w
British Columbia,https://www.interiorhealth.ca/,Invermere & District Hospital,British Columbia Invermere and District Hospital,ChIJl9f8MjNhelMRc5dHJawoOxo
British Columbia,https://www.northernhealth.ca/locations/hospitals/kitimat-general-hospital-and-health-centre,Kitimat General Hospital & Health Centre,British Columbia Kitimat General Hospital,ChIJ9-qwEG6bc1QRLevZPHuvBWw
British Columbia,http://kbrh.ca/,Kootenay Boundary Regional Hospital,British Columbia Kootenay Boundary Regional Hospital,ChIJL1MpnunZYlMRE3oGsX2JmZw
British Columbia,https://www.interiorhealth.ca/FindUs/_layouts/FindUs/info.aspx?type=Location&loc=Kootenay%20Lake%20Hospital&svc=Emergency%20Health%20Services&ploc=N/A,Kootenay Lake Hospital,British Columbia Kootenay Lake Hospital,ChIJRRVfEKy2fFMRhB2n3yF6pAM
British Columbia,https://www.islandhealth.ca/our-locations/long-term-care-locations/lady-minto-gulf-island-hospital-long-term-care,Lady Minto / Gulf Islands Hospital,British Columbia Lady Minto Gulf Islands Hospital,ChIJg9g6_EdXj1QRYQwW1CTS_TU
British Columbia,https://www.islandhealth.ca/our-locations/hospitals-health-centre-locations/ladysmith-community-health-centre,Ladysmith Community Health Centre,British Columbia Ladysmith and District General Hospital,ChIJwfWrscKtiFQRV63hpBOm9uo
British Columbia,https://www.northernhealth.ca/locations/hospitals/lakes-district-hospital-and-health-centre,Lakes District Hospital and Health Centre,British Columbia Lakes District Hospital and Health Centre,ChIJgTXVt5sPdlQR7guenR7bq4k
British Columbia,https://www.reveraliving.com/long-term-care/locations/lakeview,Lakeview Long Term Care,British Columbia Lakeview Care Centre,ChIJE9WxYa12hlQRK6KDP-FBsfg
British Columbia,https://www.fraserhealth.ca/Service-Directory/Locations/Langley/langley-memorial-hospital,Langley Memorial Hospital,British Columbia Langley Memorial Hospital,ChIJgda6GVvOhVQREMgSVQzX6uM
British Columbia,https://www.interiorhealth.ca/FindUs/_layouts/FindUs/info.aspx?type=Location&loc=Lillooet%20Hospital%20%25and%25%20Health%20Centre&svc=Immunization%20Services&ploc=N/A,Lillooet Hospital & Health Centre,British Columbia Lillooet District Hospital,ChIJJ2afEjeKgFQRyp01btPQbyE
British Columbia,https://www.lghfoundation.com/,Lions Gate Hospital,British Columbia Lions Gate Hospital,ChIJJVEVSUdwhlQRZhyQmkl8KJk
British Columbia,http://louisbrier.com/,Louis Brier Home & Hospital,British Columbia Louis Brier Hospital,ChIJ6R1evHh0hlQRZhGkkf2dvIU
British Columbia,https://www.northernhealth.ca/locations/hospitals/mackenzie-and-district-hospital-and-health-centre,Mackenzie & District Hospital & Health Centre,British Columbia Mackenzie and District Hospital,ChIJ0zl80pIhjFMRFoC3Azl7VKg
British Columbia,http://providencehealthcare.org,Marion Hospice,British Columbia Marion Hospice,ChIJX542GMJzhlQRCWXT4_dOCAc
British Columbia,http://mpap.vch.ca/,Mary Pack Arthritis Program - Vancouver Arthritis Clinic,British Columbia Mary Pack Arthritis Centre,ChIJg9uUPN1zhlQRPHdRGh1qvBM
British Columbia,https://www.northernhealth.ca/locations/long-term-care/mcbride-and-district-hospital,McBride Hospital & Health Centre,British Columbia McBride and District Hospital,ChIJ30jOtq9ohFMR4quxX_YwOyg
British Columbia,http://www.mennoplace.ca/,"Menno Place: Menno Hospital, Home and Apartments",British Columbia Menno Hospital,ChIJQYBFGqZKhFQRC4z52Y-mmdE
British Columbia,https://www.northernhealth.ca/locations/hospitals/mills-memorial-hospital,Mills Memorial Hospital,British Columbia Mills Memorial Hospital,ChIJcRZf44yZdFQR39ZjzYJTq5g
British Columbia,http://www.fraserhealth.ca/,Mission Memorial Hospital,British Columbia Mission Memorial Hospital,ChIJx72W-vIzhFQRxfIgA9gyNYY
British Columbia,http://www.providencehealthcare.org/hospitals-residences/mount-saint-joseph-hospital,Mount Saint Joseph Hospital,British Columbia Mount Saint Joseph Hospital,ChIJPwpCtuJzhlQR2boCYMk360c
British Columbia,https://mountstmary.ca/,Mount St. Mary Hospital,British Columbia Mount St. Francis Hospital,ChIJSTtUpv1sCUERDNiuaHDkU2U
British Columbia,https://www.islandhealth.ca/our-locations/hospitals-health-centre-locations/nanaimo-regional-general-hospital,Nanaimo Regional General Hospital,British Columbia Nanaimo Regional General Hospital,ChIJt7-Ke9SjiFQRJwOTi5Oj25I
British Columbia,https://www.interiorhealth.ca/FindUs/_layouts/FindUs/info.aspx?type=Location&loc=Nicola%20Valley%20Hospital%20and%20Health%20Centre&svc=Telehealth&ploc=N/A,Nicola Valley Hospital and Health Centre,British Columbia Nicola Valley Health Centre,ChIJud9cnd-QgVQRtEGaLFXDHLo
British Columbia,https://www.interiorhealth.ca/FindUs/_layouts/FindUs/info.aspx?type=Location&loc=Overlander%20Residential%20Care&svc=Residential%20Care&ploc=N/A,Overlander Residential Care,British Columbia Overlander Extended Care Hospital,ChIJP6u2kcwsflMRrw3w8VfVkfo
British Columbia,https://www.fraserhealth.ca/,Peace Arch Hospital,British Columbia Peace Arch Hospital,ChIJp26ilYHEhVQRV_pTq1lO-aU
British Columbia,https://www.interiorhealth.ca/FindUs/_layouts/FindUs/info.aspx?type=Location&loc=Penticton+Regional+Hospital,Penticton Regional Hospital,British Columbia Penticton Regional Hospital,ChIJZ8VkOcWJglQR5NsQo-ZPbHU
British Columbia,https://www.islandhealth.ca/our-locations/hospitals-health-centre-locations/port-alice-health-centre,Port Alice Health Centre,British Columbia Port Alice Hospital,ChIJxRZb_P-NY1QR-DoFU3G0O7w
British Columbia,https://www.islandhealth.ca/our-locations/hospitals-health-centre-locations/port-hardy-hospital,Port Hardy Hospital,British Columbia Port Hardy Hospital,ChIJqVgJNjJ8ZFQRsf9e-RxYWP4
British Columbia,https://www.islandhealth.ca/our-locations/hospitals-health-centre-locations/port-mcneill-hospital,Port McNeill Hospital,British Columbia Port McNeill and District Hospital,ChIJb-cfbGJ3Y1QRmVBXddDHlAw
British Columbia,https://powellriverconnect.com/directory/health-and-wellness/doctors/powell-river-general-hospital/,Powell River General Hospital,British Columbia Powell River General Hospital,ChIJBdmcNMHmh1QRFMzBh1ABeoU
British Columbia,http://www.northernhealth.ca,Prince Rupert Regional Hospital,British Columbia Prince Rupert Regional Hospital,ChIJGbYK6A_VclQRhmPGzXOfo3A
British Columbia,https://www.interiorhealth.ca/FindUs/_layouts/FindUs/info.aspx?type=Location&loc=Princeton%20General%20Hospital&svc=&ploc=,Princeton General Hospital,British Columbia Princeton General Hospital,ChIJDSVaEnqxg1QROJfLjT8U71o
British Columbia,https://www.islandhealth.ca/our-locations/hospitals-health-centre-locations/queen-alexandra-centre-childrens-health,Queen Alexandra Centre for Children's Health,British Columbia Queen Alexandra Centre for Children's Health,ChIJw-Hddk9xj1QRhX_nihmb4Yw
British Columbia,https://www.interiorhealth.ca/FindUs/_layouts/FindUs/info.aspx?type=Location&loc=Queen%20Victoria%20Hospital&svc=Psychiatry&ploc=N/A,Queen Victoria Hospital,British Columbia Queen Victoria Hospital,ChIJ27FbVUs2eVMR2-VhBdda5gI
British Columbia,https://www.fraserhealth.ca/,Queen's Park Care Centre,British Columbia Queen's Park Hospital,ChIJheTjJQjYhVQR5uNYol7uD10
British Columbia,http://www.vch.ca/Locations-Services/result?res_id=1353,R W Large Memorial Hospital,British Columbia R.W. Large Memorial Hospital,ChIJm7_tnSv-cFQRdTmIcWqDRuo
British Columbia,http://www.vch.ca/locations-services/result?res_id=1,Richmond Hospital,British Columbia Richmond Hospital,ChIJm-EweM4KhlQRWTQ1Y5v8C9o
British Columbia,http://www.fraserhealth.ca/,Ridge Meadows Hospital,British Columbia Ridge Meadows Hospital & Health Care Centre,ChIJbRj1q4HUhVQRTQcyDvuK014
British Columbia,http://renewingriverview.com/,Riverview Hospital,British Columbia Riverview Hospital,ChIJdYvQt3XYhVQR7XkdVnuGuik
British Columbia,https://www.fraserhealth.ca/Service-Directory/Locations/New-Westminster/royal-columbian-hospital#.XSdr3flKhGM,Royal Columbian Hospital,British Columbia Royal Columbian Hospital,ChIJdYvQt3XYhVQRsvRlsqVEkT0
British Columbia,https://www.interiorhealth.ca/FindUs/_layouts/FindUs/info.aspx?type=Location&loc=Royal%20Inland%20Hospital&svc=&ploc=,Royal Inland Hospital,British Columbia Royal Inland Hospital,ChIJR436CFMsflMRvj2om5NWohk
British Columbia,https://www.islandhealth.ca/our-locations/hospitals-health-centre-locations/royal-jubilee-hospital-rjh,Royal Jubilee Hospital,British Columbia Juan de Fuca Hospitals,ChIJyzPFgG50j1QRuXbxDdqs3dY
British Columbia,https://www.islandhealth.ca/our-locations/hospitals-health-centre-locations/royal-jubilee-hospital-rjh,Royal Jubilee Hospital,British Columbia Royal Jubilee Hospital,ChIJyzPFgG50j1QRuXbxDdqs3dY
British Columbia,https://www.islandhealth.ca/our-locations/hospitals-health-centre-locations/saanich-peninsula-hospital,Saanich Peninsula Hospital,British Columbia Saanich Peninsula Hospital,ChIJpRIA_Slvj1QRj71OCMTamPo
British Columbia,http://www.vch.ca/Locations-Services/result?res_id=648,Sechelt Hospital,British Columbia Sechelt Hospital,ChIJ0aVD6Gw6hlQRI2UZ0ujSv_M
British Columbia,https://www.interiorhealth.ca/FindUs/_layouts/FindUs/info.aspx?type=Location&loc=Shuswap%20Lake%20General%20Hospital&svc=CT%20Scan&ploc=N/A,Shuswap Lake General Hospital,British Columbia Shuswap Lake General Hospital,ChIJqQO2YgD1flMR4i7iScGgKOk
British Columbia,https://www.interiorhealth.ca/FindUs/_layouts/FindUs/info.aspx?type=Location&loc=Slocan%20Community%20Health%20Centre&svc=&ploc=,Slocan Community Health Centre,British Columbia Slocan Community Health Centre,ChIJzT9ieBCCfFMRV64LmOn_4KA
British Columbia,https://www.interiorhealth.ca/FindUs/_layouts/FindUs/info.aspx?type=Location&loc=South%20Okanagan%20General%20Hospital&svc=Patient/Family%20Counselling&ploc=N/A,South Okanagan General Hospital,British Columbia South Okanagan General Hospital,ChIJYXqeYU_qglQR5Owul-XmCf4
British Columbia,https://www.interiorhealth.ca/FindUs/_layouts/FindUs/info.aspx?type=Location&loc=Sparwood%20Primary%20Health%20Care&svc=Immunization%20Services&ploc=N/A,Sparwood Health Centre,British Columbia Sparwood Health Centre,ChIJJ7H2uDNZZVMRPApNFgoDM2w
British Columbia,http://www.vch.ca/Locations-Services/result?res_id=628,Squamish General Hospital- Emergency Department,British Columbia Squamish General Hospital,ChIJmXaQFSP4hlQRYjcH0rHug5Y
British Columbia,https://www.interiorhealth.ca/FindUs/_layouts/FindUs/info.aspx?type=Location&loc=St.%20Bartholomew%pos%s%20Health%20Centre&svc=&ploc=,St Bartholomew's Health Centre,British Columbia St Bartholomew's Hospital,ChIJXxw7NugEgVQRnc4JDirw3KU
British Columbia,https://stmichaels.bc.ca/,St. Michael’s Centre Extended Care,British Columbia St. Michael's Centre Extended Care Hospital,ChIJrZQX52h2hlQRrhsabtmBN5o
British Columbia,http://www.providencehealthcare.org/,St. Paul's Hospital,British Columbia St. Paul's Hospital,ChIJzXg_2tRzhlQRt81iFRALzUY
British Columbia,http://www.providencehealthcare.org/hospitals-residences/st-vincents-langara,St. Vincent's Hospital Langara,British Columbia St. Vincent's Hospitals,ChIJTcR94F50hlQRe3HLYFRQvHg
British Columbia,https://www.northernhealth.ca/locations/health-units/stewart-health-centre,Stewart Health Centre,British Columbia Stewart Health Centre,ChIJlb_tnSv-cFQRlE41R2eCV7M
British Columbia,https://www.northernhealth.ca/locations/long-term-care/stuart-lake-hospital,Stuart Lake General Hospital,British Columbia Stuart Lake General Hospital,ChIJl_Gt6QahiVMReyMBfybg5r8
British Columbia,https://www.interiorhealth.ca/FindUs/_layouts/FindUs/info.aspx?type=Location&loc=Summerland%20Health%20Centre&svc=Social%20Work%20Services&ploc=N/A,Summerland Health Centre,British Columbia Summerland Health Centre,ChIJz2_nIeNkglQR1ZW3QsgIR8M
British Columbia,http://www.bcchildrens.ca/our-services/sunny-hill-health-centre/about,Sunny Hill Health Centre for Children,British Columbia Sunny Hill Health Centre for Children,ChIJJ0laGfJ-C0ERohG42I4YwaE
British Columbia,https://www.fraserhealth.ca/Service-Directory/Locations/Surrey/surrey-memorial-hospital,Surrey Memorial Hospital,British Columbia Surrey Memorial Hospital,ChIJq1zTGNvZhVQRuen1zB8repY
British Columbia,https://www.islandhealth.ca/our-locations/hospitals-health-centre-locations/tofino-general-hospital,Tofino General Hospital,British Columbia Tofino General Hospital,ChIJjz2JQy2XiVQREdcInqR_atk
British Columbia,https://www.islandhealth.ca/our-locations/long-term-care-locations/trillium-lodge,Trillium Lodge,British Columbia Trillium Lodge,ChIJ0bnp1PGPiFQRvIyhn4MyvUE
British Columbia,https://www.northernhealth.ca/locations/hospitals/university-hospital-northern-british-columbia-uhnbc,University Hospital of Northern British Columbia,British Columbia Prince George Regional Hospital,ChIJyZ0qxh2ZiFMRzHdiZRVRU4g
British Columbia,https://www.northernhealth.ca/locations/hospitals/university-hospital-northern-british-columbia-uhnbc,University Hospital of Northern British Columbia,British Columbia Amherst Hospital & Nursing Home,ChIJyZ0qxh2ZiFMRzHdiZRVRU4g
British Columbia,http://www.interiorhealth.ca/FindUs/_layouts/FindUs/info.aspx?type=Location&loc=Vernon%20Jubilee%20Hospital&svc=&ploc=,Vernon Jubilee Hospital,British Columbia Vernon Jubilee Hospital,ChIJL5rDr97YfVMRhhVT9I3gXAU
British Columbia,https://www.islandhealth.ca/our-locations/hospitals-health-centre-locations/victoria-general-hospital-vgh,Victoria General Hospital,British Columbia Victoria General Hospital,ChIJU3da9OZyj1QRU4k_LxVr1Wc
British Columbia,https://www.interiorhealth.ca/FindUs/_layouts/FindUs/info.aspx?type=Location&loc=Victorian%20Community%20Health%20Centre&svc=&ploc=,Victorian Community Health Centre of Kaslo,British Columbia Victorian Community Health Centre of Kaslo,ChIJtVqfkt9oe1MRTp3dIMTIB2c
British Columbia,https://www.islandhealth.ca/our-locations/hospitals-health-centre-locations/west-coast-general-hospital,West Coast General Hospital,British Columbia West Coast General Hospital,ChIJm26q7dv2iFQRpU_Jir0f4Mw
British Columbia,http://www.vch.ca/locations-and-services/find-locations/?site_id=185,Whistler Health Care Centre,British Columbia Whistler Health Care Centre,ChIJERG5J7I8h1QR70KTV9mzmFE
British Columbia,https://www.northernhealth.ca/locations/long-term-care/wrinch-memorial-hospital,Wrinch Memorial Hospital,British Columbia Wrinch Memorial Hospital,ChIJh1uQ34BJdVQRWXEycrAp6lk
Cochrane District,http://www.timmins.ca/,Timmins,Ontario Timmins & District Hospital,ChIJzT_NUd2lPE0Rdpzq_mrp-Hc
Division No. 13,http://www.cityofselkirk.com/,Selkirk,Manitoba Selkirk & District General Hospital,ChIJ7QBCl_Zf6lIRg3ANnYoLiHE
Division No. 14,http://www.townofedson.ca/,Edson,Alberta Edson & District Healthcare Centre,ChIJNQ5T73oinFMRTcxuquTL2x4
Lanark County,http://www.carletonplace.ca/,Carleton Place,Ontario Carlton Place & District Memorial Hospital,ChIJhwgksoYO0kwRQBYjxyh7AwU
Manitoba,http://www.ierha.ca/default.aspx?cid=6341,Beausejour Hospital,Manitoba Beausejour Hospital District NO. 29,ChIJm3f4Tt596lIRygutx4D-YXw
Manitoba,https://www.southernhealth.ca/en/finding-care/steinbach/bethesda-regional-health-centre,Bethesda Regional Health Centre,Manitoba Bethesda Hospital,ChIJo_wf5Lc1wFIR29h8aLA-iEw
Manitoba,https://deerlodge.mb.ca/,Deer Lodge Centre,Manitoba Deer Lodge Centre,ChIJH99Go1dz6lIRs3Uu4NbXQY4
Manitoba,http://www.gracehospital.ca/,Grace Hospital,Manitoba Grace Hospital,ChIJFaUKzZkM6lIR6CuQE-PnYX0
Manitoba,http://www.hsc.mb.ca/,Health Sciences Centre Winnipeg,Manitoba Health Sciences Centre,ChIJa9ruCeVz6lIRVGSG44MFgKo
Manitoba,http://www.prairiemountainhealth.ca/,Prairie Mountain Health,Manitoba Brandon Regional Hospital,ChIJJ5dkFTWX51IRMkc7l0tYP3E
Manitoba,http://sogh.ca/,Seven Oaks General Hospital,Manitoba Seven Oaks General Hospital,ChIJ_Tq4YSl66lIRctM42kxjbGI
Manitoba,http://www.hsc.mb.ca/,The Children's Hospital of Winnipeg,Manitoba The Children's Hospital of Winnipeg,ChIJt8fDd95z6lIRdYgoOMX4TEM
Manitoba,http://www.nrha.ca/,Thompson General Hospital,Manitoba Thompson General Hospital,ChIJVW7ZVnvGX1IR08CmSZwiYwA
Manitoba,https://vgh.mb.ca/,Victoria General Hospital,Manitoba Victoria General Hospital,ChIJr5WhO4116lIRIoXdKfFivz4
Newfoundland and Labrador,http://www.centralhealth.nl.ca/,A.M. Guy Memorial Health Centre - Central Health,Newfoundland and Labrador A.M Guy Memorial Health Centre,ChIJC7o7En0MeksRdcntX1kHiRI
Newfoundland and Labrador,http://www.centralhealth.nl.ca/baie-verte-peninsula-health-centre/,Baie Verte Peninsula Health Centre,Newfoundland and Labrador Baie Verte Peninsula Health Centre,ChIJISjTgrxceEsRg24hrf0inzI
Newfoundland and Labrador,http://westernhealth.nl.ca/home/locations/locations-2/bonne-bay-health-centre/,Bonne Bay Health Centre,Newfoundland and Labrador Bonne Bay Health Centre,ChIJ1fTszxRZeUsRGVVgQ7mq4VM
Newfoundland and Labrador,http://www.centralhealth.nl.ca/,Brookfield Health Centre,Newfoundland and Labrador Brookfield Bonnews Health Care Centre,ChIJmbkeCRvgdUsRskKgOSunoBo
Newfoundland and Labrador,http://westernhealth.nl.ca/home/locations/locations-2/calder-health-centre/,Calder Health Centre - Western Health,Newfoundland and Labrador Calder Health Centre,ChIJOc31bxzAb0sRYzRw02DpGUg
Newfoundland and Labrador,http://www.easternhealth.ca/AboutEH.aspx?d=3&id=766&p=724,Carbonear General Hospital,Newfoundland and Labrador Carbonear General Hospital,ChIJyXWxA5ZRc0sRTR3DsKrrdvs
Newfoundland and Labrador,http://www.centralhealth.nl.ca/central-newfoundland-regional-health-centre/,Central Newfoundland Regional Health Centre,Newfoundland and Labrador Central Newfoundland Regional Health Centre,ChIJAxJxJIg6d0sRFK-MeTGF5_w
Newfoundland and Labrador,http://www.centralhealth.nl.ca/connaigre-peninsula-health-centre/,Connaigre Peninsula Community Health Centre,Newfoundland and Labrador Connaigre Peninsula Community Health Centre,ChIJs2JXtIsDcksRTaxVWu7Mn8c
Newfoundland and Labrador,http://www.lghealth.ca/index.php?pageid=38,Dr. Charles S. Curtis Memorial Hospital,Newfoundland and Labrador Dr. Charles S. Curtis Memorial Hospital,ChIJeQnWHM3ng0sRFj-wVvDW95k
Newfoundland and Labrador,http://www.centralhealth.nl.ca/dr-hugh-twomey-health-centre/,Dr. Hugh Twomey Health Centre,Newfoundland and Labrador Dr. Hugh Twomey Health Centre,ChIJmwgNv6sRd0sRiGiLxBN8GRw
Newfoundland and Labrador,http://westernhealth.nl.ca/home/locations/locations-2/dr-charles-l-legrow-health-centre/,Dr.Charles L.Legrow Health Centre,Newfoundland and Labrador Dr. Charles L. Legrow Health Centre,ChIJ86ZC-YCvZUsRINniK8OOWOo
Newfoundland and Labrador,http://www.centralhealth.nl.ca/,Fogo Island Health Centre,Newfoundland and Labrador Fogo Island Hospital,ChIJQyBpkt7Vd0sRJHcSx3-5cn4
Newfoundland and Labrador,http://www.easternhealth.ca/,Health Sciences Centre,"Newfoundland and Labrador General Hospital, Health Sciences Centre",ChIJq-QxBIajDEsRCdOplxO2bdA
Newfoundland and Labrador,http://www.centralhealth.nl.ca/,James Paton Memorial Hospital,Newfoundland and Labrador James Paton Memorial Hospital,ChIJGyi2GozydksRFtsTCIhsstk
Newfoundland and Labrador,https://janewayfoundation.nf.ca/,"Janeway Children's Health and Rehabilitation Centre, Eastern Health",Newfoundland and Labrador Janeway Children's Health and Rehabilitation Centre,ChIJX_kMwF6hDEsR-8qUJ38AltA
Newfoundland and Labrador,http://www.lghealth.ca/,Labrador Health Centre,Newfoundland and Labrador Labrador Health Centre,ChIJ-RN7_5p5e0wReQRk52UdhiM
Newfoundland and Labrador,https://www.yellowpages.ca/bus/Newfoundland-and-Labrador/Mose-Ambrose-Medical-Clinic/7031909.html,Mose Ambrose Medical Clinic,Newfoundland and Labrador Mose Ambrose Clinic,ChIJH5uQwzwRcksRFmnAvAex9-w
Newfoundland and Labrador,http://www.centralhealth.nl.ca/notre-dame-bay-memorial-health-centre/,Notre Dame Bay Memorial Health Centre,Newfoundland and Labrador Notre Dame Bay Memorial Health Care Centre,ChIJYZBlAurDd0sRFEomB7maMdY
Newfoundland and Labrador,http://westernhealth.nl.ca/index.php/locations/rural-health-centres/rufus-guinchard-health-centre,Rufus Guinchard Health Centre,Newfoundland and Labrador Rufus Guinchard Health Centre,ChIJa3ekTNtbf0sRlTkgA7pPEx8
Newfoundland and Labrador,http://westernhealth.nl.ca/home/locations/locations-2/sir-thomas-roddick-hospital/,Sir Thomas Roddick Hospital,Newfoundland and Labrador Sir Thomas Roddick Hospital,ChIJIRtZ5tYie0sR2V8qGfRoz6g
Newfoundland and Labrador,http://www.easternhealth.ca/AboutEH.aspx?d=3&id=811&p=724,St. Clare's Mercy Hospital,Newfoundland and Labrador St. Clare's Mercy Hospital,ChIJoWBBAKSjDEsRE4OPTVmTe_A
Newfoundland and Labrador,https://www.lghealth.ca/index.php?pageid=62,St. Lewis Community Clinic,Newfoundland and Labrador Mary's Harbour Community Clinic,ChIJXTyhW5n7hksRX3sb5dez_3Y
Newfoundland and Labrador,https://www.lghealth.ca/index.php?pageid=62,St. Lewis Community Clinic,Newfoundland and Labrador St. Lewis Community Clinic,ChIJXTyhW5n7hksRX3sb5dez_3Y
Newfoundland and Labrador,http://www.lghealth.ca/index.php?pageid=49,Strait of Belle Isle Health Centre,Newfoundland and Labrador Strait of Belle Isle Health Centre,ChIJpwkVaHqggUsRA3n9bl36MOQ
Newfoundland and Labrador,http://westernhealth.nl.ca/index.php/locations/hospitals/western-memorial-regional-hospital,Western Memorial Regional Hospital,Newfoundland and Labrador Western Memorial Regional Hospital,ChIJdRBvVgOye0sR-bLT6_XxRmk
Newfoundland and Labrador,http://www.lghealth.ca/index.php?pageid=50,White Bay Central Health Centre - Labrador-Grenfell Health,Newfoundland and Labrador White Bay Central Health Centre,ChIJh_KmsqQ7gksREtdusPOzNuU
Northwest Territories,http://www.hss.gov.nt.ca/en/hospitals-and-health-centres,Dehcho Health & Social Services,Northwest Territories Fort Simpson Hospital,ChIJJ7J-FZ5H3FMRBqTM8mDj0cw
Northwest Territories,http://www.hss.gov.nt.ca/en/hospitals-and-health-centres,Fort Smith Health Centre,Northwest Territories Fort Smith Health Centre,ChIJ0fdQGT6JyVMRbrDXHftCuMM
Northwest Territories,http://www.stantonrenewal.ca/,Stanton Territorial Hospital (new),Northwest Territories Stanton Regional Hospital,ChIJLSwjiTLx0VMRurW8S-UB6YI
Nova Scotia,http://www.nshealth.ca/locations-details/Aberdeen%20Hospital,Aberdeen Hospital,Nova Scotia Aberdeen Hospital,ChIJrQTL4_wbXEsR9NuM7gKQJO0
Nova Scotia,http://www.nshealth.ca/locations-details/Buchanan%20Memorial%20Community%20Health%20Centre,Buchanan Memorial Hospital,Nova Scotia Buchanan Memorial Hospital,ChIJdc76I0pWZksRvy8_dT2rxvY
Nova Scotia,http://www.nshealth.ca/locations-details/Cape%20Breton%20Regional%20Hospital,Cape Breton Regional Hospital (CBRH ),Nova Scotia Cape Breton Regional Hospital,ChIJ8Qx5aWL7Z0sRD8DUpos_t5s
Nova Scotia,http://www.nshealth.ca/locations-details/Colchester%20East%20Hants%20Health%20Centre,Colchester East Hants Health Centre,Nova Scotia Colchester Hospital,ChIJQfw2H-1PWUsRJCdACGkrce0
Nova Scotia,http://www.nshealth.ca/locations-details/Cumberland%20Regional%20Health%20Care%20Centre,Cumberland Regional Health Care Centre,Nova Scotia Cumberland Regional Health Care Centre,ChIJ-y-l_WJJX0sRApOf0WqQIDg
Nova Scotia,http://www.nshealth.ca/locations-details/Digby%20General%20Hospital,Digby General Hospital,Nova Scotia Digby General Hospital,ChIJfaxG-QsdqEwR9pCmpyrHO78
Nova Scotia,http://www.nshealth.ca/locations-details/Inverness%20Consolidated%20Memorial%20Hospital,Inverness Consolidated Memorial Hospital,Nova Scotia Inverness Consolidated Memorial Hospital,ChIJDQ2ruKKIXUsRT_5fokMtfGU
Nova Scotia,http://www.nshealth.ca/locations-details/Lillian%20Fraser%20Memorial%20Hospital,Lillian Fraser Memorial Hospital,Nova Scotia Lillian Fraser Memorial Hospital,ChIJSekSoDZOWUsRzeakJEqn9vc
Nova Scotia,http://www.nshealth.ca/locations-details/North%20Cumberland%20Memorial%20Hospital,North Cumberland Memorial Hospital,Nova Scotia North Cumberland Memorial Hospital,ChIJ96o7cEMhX0sRUgE0T2cp0uM
Nova Scotia,http://www.nshealth.ca/locations-details/Northside%20General%20Hospital,Northside General Hospital,Nova Scotia Northside General Hospital,ChIJLwjEPAPvZ0sR-HlMK0XgFK0
Nova Scotia,http://www.nshealth.ca/locations-details/Queens%20General%20Hospital,Queens General Hospital,Nova Scotia Queens General Hospital,ChIJNxMVuJQjV0sR6zP2VUpJs44
Nova Scotia,http://www.nshealth.ca/locations-details/Roseway%20Hospital,Roseway Hospital,Nova Scotia Roseway Hospital,ChIJ4ykqwZ-SVksRxcbthngOJtg
Nova Scotia,http://www.nshealth.ca/locations-details/Soldiers%20Memorial%20Hospital,Soldier's Memorial Hospital,Nova Scotia Soldiers Memorial Hospital,ChIJh-5w5V4TWEsRtp8uOQGk7vs
Nova Scotia,http://www.nshealth.ca/locations-details/South%20Cumberland%20Community%20Care%20Centre,South Cumberland Community Care Centre,Nova Scotia South Cumberland Community Care Center,ChIJMXBsV8fpWEsR3HEJYtxKXWo
Nova Scotia,http://www.nshealth.ca/locations-details/South%20Shore%20Regional%20Hospital,South Shore Regional Hospital,Nova Scotia South Shore Regional Hospital,ChIJwwV3zLhnV0sRlpT_Ty2WSWc
Nova Scotia,http://www.nshealth.ca/locations-details/St.%20Martha's%20Regional%20Hospital,St. Martha's Regional Hospital,Nova Scotia St. Martha's Regional Hospital,ChIJpzEeTBNFXEsRRbBGj0vGzMQ
Nova Scotia,http://www.nshealth.ca/locations-details/Strait%20Richmond%20Hospital,Strait Richmond Hospital,Nova Scotia Strait Richmond Hospital,ChIJ31ccNjIeXUsRgcqgJqkNKfc
Nova Scotia,http://www.nshealth.ca/locations-details/Valley%20Regional%20Hospital,Valley Regional Hospital,Nova Scotia Valley Regional Hospital,ChIJIaBh8SRXWEsRPYNrbRcq9mI
Nova Scotia,http://www.nshealth.ca/locations-details/Yarmouth%20Regional%20Hospital,Yarmouth Regional Hospital,Nova Scotia Yarmouth Regional Hospital,ChIJ8x0XqOUQVksRiXRBoru2CK8
Nunavut,https://www.gov.nu.ca/health/information/qikiqtani-general-hospital,Qikiqtani General Hospital,Nunavut Qikiqtani General Hospital,ChIJ4WSf0D4W000Ru5Lw8RmJlZY
Ontario,http://www.alexandrahospital.on.ca/,Alexandra Hospital,Ontario Alexandra Hospital,ChIJZSqwPz2cLogRPaDEUGSUfZc
Ontario,http://aghospital.on.ca/,Atikokan General Hospital,Ontario Atikokan General Hospital,ChIJ7SwI5wP3o1IRkhjIvjnp7Mo
Ontario,http://www.bchsys.org/,Brantford General Hospital,Ontario Brantford General Hospital,ChIJyS3UrvhlLIgRm4VpunJp_bk
Ontario,https://cmh.ca/,Campbellford Memorial Hospital,Ontario Campbellford Memorial Hospital,ChIJE9Y7t_gC1okRMwIvESNJg8Q
Ontario,http://www.bluewaterhealth.ca/,Charlotte Eleanor Englehart Hospital of Bluewater Health,Ontario Charlotte Eleanor Englehart Hospital of Bluewater Health,ChIJ0VR6r5eBL4gRnEZJGWUnGEE
Ontario,http://www.ckha.on.ca/,Chatham-Kent Health Alliance - Wallaceburg Site,"Ontario Chatham-Kent Health Alliance, Sydenham Campus",ChIJxxSQnkJdJYgRV7bep8FvoCU
Ontario,http://www.ckha.on.ca/,Chatham-Kent Health Alliance - Wallaceburg Site,Ontario Public General Hospital,ChIJxxSQnkJdJYgRV7bep8FvoCU
Ontario,http://www.cheo.on.ca/,CHEO,Ontario Children's Hospital of Eastern Ontario,ChIJK1usEmEPzkwRx-VkoaAaMnE
Ontario,http://cgmh.on.ca/,Collingwood General and Marine Hospital,Ontario Collingwood General And Marine Hospital,ChIJaQZKRuR7KogREEHMBpknHjY
Ontario,https://www.cornwallhospital.ca/,Cornwall Community Hospital/ Hôpital communautaire de Cornwall,Ontario Community Hospital McConnell Site,ChIJtb1bQP8ZzEwRZDfY3LL4XaQ
Ontario,http://www.drhc.on.ca/,Dryden Regional Health Centre,Ontario Dryden Regional Health Centre,ChIJb0TUYsizolIRIaYGkihMiyw
Ontario,http://www.espanolaregionalhospital.ca/,Espanola Regional Hospital and Health Centre,Ontario Espanola General Hospital,ChIJN7xN83AgLk0RQpaYaxG3ctw
Ontario,http://www.haltonhealthcare.on.ca/home.html,Georgetown Hospital,Ontario Georgetown Hospital,ChIJ-ZJQE7FyK4gRKCgYRTVGAgg
Ontario,http://www.geraldtondh.com/,Geraldton District Hospital,Ontario Geraldton District Hospital,ChIJQW5R4ye3Qk0RticjlWgsTdY
Ontario,http://www.grhosp.on.ca/,Grand River Hospital,Ontario Grand River Hospital,ChIJV5mLbmj0K4gRV5qXrNqbu7o
Ontario,http://gwmfoundation.com/about/,Great War Memorial Hospital Foundation,Ontario Great War Memorial Hospital,ChIJr3Y3UWF60kwRip4XNySPwjI
Ontario,http://www.gbhs.on.ca/,Grey Bruce Health Services - Owen Sound,Ontario Grey Bruce Health Services,ChIJC9OlBgv8KYgRy-E_2kQOVQ8
Ontario,http://www.gmch.ca/,Groves Memorial Community Hospital,Ontario Groves Memorial Community Hospital,ChIJOwjiPgy-K4gRH9BjUGBgfsw
Ontario,http://www.gghorg.ca/,Guelph General Hospital,Ontario Guelph General Hospital,ChIJbxdLofKaK4gRk1GjnMIlNak
Ontario,http://www.hwmh.ca/,Haldimand War Memorial Hospital,Ontario Haldimand War Memorial Hospital,ChIJ49_94VzELIgREkRcZT1bBYE
Ontario,https://www.hamiltonhealthsciences.ca/about-us/our-organization/our-locations/hamilton-general-hospital/,Hamilton General Hospital,Ontario Hamilton Health Sciences,ChIJZz-z34qbLIgRV3kQtNQcM-E
Ontario,http://www.hdhf.ca/,Hanover District Hospital,Ontario Hanover and District Hospital,ChIJ0aErTAqbKYgRHgvcJYGPUiY
Ontario,http://www.headwatershealth.ca/,Headwaters Health Care Centre,Ontario Headwaters Health Care Centre,ChIJs_BDcPIAK4gRzjULsYbZKFg
Ontario,http://www.hsnsudbury.ca/,Health Sciences North,Ontario Health Sciences North,ChIJq5QWhzNVLk0Rdc4zvoiacHk
Ontario,http://www.hhhs.ca/,HHHS Minden,Ontario Minden Hospital,ChIJowyadWQO1UwRvKDObE2S2NA
Ontario,http://www.homewoodhealth.com/health-centre,Homewood Health Centre,Ontario Homewood Health Centre,ChIJB09Gpo2aK4gR3XEPkjLMqlU
Ontario,http://www.ndh.on.ca/,Hôpital Notre-Dame Hospital,Ontario H??pital Notre-Dame Hospital,ChIJCRNOZiHmP00RIDo2wcuw8Pg
Ontario,http://www.hoteldieushaver.org/,Hotel Dieu Shaver Hospital,Ontario Hotel Dieu Shaver Health and Rehabilitation Centre,ChIJI8OIYc1P04kRPep8tKobKfg
Ontario,http://www.hrh.ca/,Humber River Hospital,Ontario Humber River Regional Hospital,ChIJnTiQbHUxK4gRfP8pK7aXbxM
Ontario,http://www.mahc.ca/,Huntsville District Memorial Hospital Site - Muskoka Algonquin Healthcare,Ontario Huntsville Memorial District Hospital,ChIJh1VipVZtKk0Rvjl6X0LnDIE
Ontario,https://www.jacknathanhealth.com/,Jack Nathan Health Medical Centre in Walmart Vaughan Woodbridge,Saskatchewan York Regional Health Centre,ChIJyylgkyYlK4gR2407CuXgIuY
Ontario,https://www.josephbranthospital.ca/en/index.asp,Joseph Brant Hospital,Ontario Joseph Brant Memorial Hospital,ChIJ0wzWdT-eLIgR9JVo235KnCk
Ontario,http://kingstonhsc.ca/,Kingston General Hospital,Ontario Kingston General Hospital,ChIJ01AU1AKr0kwR_W_3VRvn7es
Ontario,http://www.kingstonhsc.ca/,Kingston Health Sciences Center: Hotel Dieu Hospital Site,Ontario Hotel Dieu,ChIJ_Xb9kRMPzUwR0nGgp3WeyUA
Ontario,http://www.lwdh.on.ca/,Lake Of The Woods District Hospital,Ontario Lake Of The Woods District Hospital,ChIJM2BohJ0IvlIR1sf2aXcsoU4
Ontario,http://www.lakeridgehealth.on.ca/,Lakeridge Health,Ontario Lakeridge Health Bowmanville,ChIJw0TOsw_g1IkRJAJ-8OhMfpM
Ontario,https://www.lakeridgehealth.on.ca/,Lakeridge Health Ajax Pickering Hospital,Ontario Rouge Valley Ajax and Pickering,ChIJMd-m0Xjg1IkRE8Tt5cwHACY
Ontario,https://www.lakeridgehealth.on.ca/,Lakeridge Health Oshawa,Ontario Lakeridge Health Oshawa,ChIJZ7P2B4Uc1YkRVBvEltJADXw
Ontario,https://www.lakeridgehealth.on.ca/,Lakeridge Health Port Perry,Ontario Lakeridge Health Port Perry,ChIJvRhFpz4U1YkRHhWG_TWQjNs
Ontario,http://nwhealthcare.ca/,Louise Marshall Hospital,Ontario Louise Marshall Hospital,ChIJKe9gf1piKYgRZjMHc8qid9U
Ontario,http://mackenziehealth.ca/,Mackenzie Health,Ontario Mackenzie Richmond Hill Hospital,ChIJGSRRUsorK4gRYpnfUDMcA9Y
Ontario,http://www.mh.on.ca/,Manitouwadge General Hospital,Ontario Manitouwadge General Hospital,ChIJDRMrfJ_aQ00RaRACLpTVBqo
Ontario,http://www.msh.on.ca/,Markham Stouffville Hospital,Ontario Markham Stouffville Hospital,ChIJb_QUPtjX1IkRyzZNxVKvv8w
Ontario,https://www.msh.on.ca/our-sites/uxbridge-site,Markham Stouffville Hospital - Uxbridge Site,Ontario Uxbridge Cottage Hospital,ChIJS6OgROE71YkRAbkKqCncEgc
Ontario,http://www.tegh.on.ca/,Michael Garron Hospital,Ontario Toronto East General Hospital,ChIJZbMV3WfM1IkRd7dYx_BzcbA
Ontario,http://www.haltonhealthcare.on.ca/,Milton District Hospital,Ontario Milton District Hospital,ChIJk3uGqP9vK4gRQBrXWX8hiy8
Ontario,http://www.mountsinai.on.ca/,Mount Sinai Hospital,Ontario Sinai Health System,ChIJ2_HZWsg0K4gR6Ifmv4w7Yi0
Ontario,http://ndmh.ca/,Nipigon District Memorial Hospital,Ontario Nipigon District Memorial Hospital,ChIJnz-nxmkVXE0RKoSGs_KxZ_8
Ontario,http://www.ngh.on.ca/contacts.html,Norfolk General Hospital,Ontario Norfolk General Hospital,ChIJSUxjgtFNLIgR2sC2J10BeZA
Ontario,http://www.nbrhc.on.ca/,North Bay Regional Health Centre,Ontario North Bay Regional Health Centre,ChIJZTb2ey8AKU0RrP8aV-9z0ck
Ontario,http://www.nhh.ca/,Northumberland Hills Hospital,Ontario Northumberland Hills Hospital,ChIJEcMCECvE1YkRAE0RJ6kwtFY
Ontario,http://www.osmh.on.ca/welcometoosmh.aspx,Orillia Soldiers' Memorial Hospital,Ontario Soldiers' Memorial Hospital,ChIJxSHBmOOrKk0RxlGMYf9df2o
Ontario,https://www.sjhc.london.on.ca/directions/parkwood-institute,Parkwood Institute,Ontario Parkwood Hospital,ChIJH85IT0vyLogR5p8N9Ie8iOU
Ontario,http://www.pembrokeregionalhospital.ca/,Pembroke Regional Hospital,Ontario Pembroke Regional Hospital,ChIJSbrj0Zk30UwR-dUClRx74DY
Ontario,http://www.prhc.on.ca/,Peterborough Regional Health Centre,Ontario Peterborough Regional Health Centre,ChIJ49eXQlCM1YkR43UfWFgCgMM
Ontario,https://pharmasave.com/woodstock-general-hospital/,Pharmasave Woodstock General,Ontario Woodstock General Hospital,ChIJj_qybkUhLIgRUTf4ExLz_5A
Ontario,http://www.providencecare.ca/,Providence Care Hospital - Providence Care,Ontario Providence Continuing Care Centre,ChIJRf7xhWmr0kwRyApK3y0NsjE
Ontario,http://www.qhc.on.ca/belleville-general-hospital-c22.php,QHC Belleville General Hospital,Ontario Belleville General Hospital (Quinte Health Care),ChIJ67fD0-0v1okRSqGUBbayD_E
Ontario,http://www.qhc.on.ca/,QHC Trenton Memorial Hospital,Ontario Trenton Memorial Hospital (Quinte Health Care),ChIJ3zCTmHUW1okRvb0n7VUyGB0
Ontario,http://www.qhc.on.ca/prince-edward-county-memorial-hospital-c20.php,Quinte Health Care - Prince Edward County Memorial Hospital,Ontario North Hastings Hospital (Quinte Health Care),ChIJ3TDr5rHL14kRRszwVRTt_FE
Ontario,https://www.redlakehospital.ca/,Red Lake Margaret Cochenour Memorial Hospital,Ontario Margaret Cochenour Memorial Hospital,ChIJG8la3Lwgl1IRQ4rw6HZGcm4
Ontario,http://www.rmh.org/,Ross Memorial Hospital,Ontario Ross Memorial Hospital,ChIJM0pH6-B71YkRFT7CDV6H9lo
Ontario,http://www.theroyal.ca/,Royal Ottawa Mental Health Centre,Ontario Royal Ottawa Mental Health Centre,ChIJdzGXZCcEzkwReLHvrW_joPc
Ontario,https://www.rvh.on.ca/,Royal Victoria Regional Health Centre- Emergency Department,Ontario Royal Victoria Regional Health Centre,ChIJM0nzu3mjKogRIJpLoCjcV44
Ontario,https://www.sah.on.ca/,Sault Area Hospital,Ontario Sault Area Hospital,ChIJM7qQ1Us4Nk0RlUCNBU1bM2s
Ontario,http://www.tsh.to/,Scarborough Health Network - Birchmount hospital,Ontario Scarborough Hospital,ChIJRRH058HT1IkRYwHqbfQCIzM
Ontario,http://www.shn.ca/,Scarborough Health Network - Centenary hospital,Ontario Rouge Valley Health System,ChIJv05c64PQ1IkR2w_R3NQP7eA
Ontario,http://senhosp.ca/,Sensenbrenner Hospital,Ontario Sensenbrenner hospital,ChIJdVDpLbrfPU0Rtvme7QUlhDw
Ontario,https://www.rideauchs.ca/,Smiths Falls District Community Health Centre,Ontario Smith Falls Community Hospital,ChIJvUICS7-IzUwR_X5X8F2h1L8
Ontario,http://www.sbghc.on.ca/,South Bruce Grey Health Centre - Durham,Ontario Durham Memorial Hospital,ChIJw6-yoeGHKYgRpdMWprAgFIk
Ontario,http://www.sbghc.on.ca/,South Bruce Grey Health Centre - Kincardine,Ontario Kincardine South Bruce Grey Health Centre,ChIJ65Na1RRRKIgR-DB7h4Kd0Hw
Ontario,http://www.sbghc.on.ca/Locations/Walkerton,South Bruce Grey Health Centre - Walkerton,Ontario South Bruce Grey Health Centre,ChIJtxB7jVqfKYgR5k-Tnj5z42E
Ontario,http://www.mahc.ca/,South Muskoka Memorial Hospital Site - Muskoka Algonquin Healthcare,Ontario South Muskoka Memorial Hospital,ChIJ1-Sjr_WGKk0R1e3-FyMHsXE
Ontario,https://southlake.ca/,Southlake Regional Health Centre,Ontario Southlake Regional Health Centre,ChIJXzoTEwrSKogRYh6UTMfpaF8
Ontario,https://www.sjhc.london.on.ca/,St Joseph's Health Care London,"Ontario St. Joseph's Health Care, London",ChIJS657WkjyLogRPuZUkuYOh1M
Ontario,https://www.sfmhosp.com/,St. Francis Memorial Hospital,Ontario St. Francis Memorial Hospital,ChIJz2pyiWca1EwReDVg3zZw1WM
Ontario,http://stjoestoronto.ca/,"St. Joseph's Health Centre, Toronto",Ontario St. Joseph's Hospital,ChIJa00ZpMk1K4gRVd9G-3qal48
Ontario,http://stjoestoronto.ca/,"St. Joseph's Health Centre, Toronto",Ontario St. Joseph's Health Centre,ChIJa00ZpMk1K4gRVd9G-3qal48
Ontario,http://www.stmichaelshospital.com/,St. Michael's Hospital Emergency,Ontario St. Michael's Hospital,ChIJzfPDYjTL1IkRDRdS7I9YkXM
Ontario,http://www.hpha.ca/,Stratford General Hospital,Ontario Stratford General Hospital,ChIJ92G8ggWyLogRhDWBtjGlpa4
Ontario,https://sunnybrook.ca/,Sunnybrook Health Sciences Centre,Ontario Sunnybrook Health Sciences Centre,ChIJRbT46izN1IkRNfWq__SmUsc
Ontario,https://temiskaming-hospital.com/,Temiskaming Hospital,Ontario Temiskaming Hospital,ChIJobYTlk16Jk0R9BU6c8pIsgI
Ontario,https://www.ottawahospital.on.ca/,The Ottawa Hospital General Campus,Ontario The Ottawa Hospital,ChIJzVTnpmYPzkwRcwNdc_VkIcs
Ontario,http://www.torontograce.org/,The Salvation Army Toronto Grace Health Centre,Ontario Toronto Grace Health Centre,ChIJk5Gc1oI0K4gR6yS7KquGZqM
Ontario,http://trilliumhealthpartners.ca/,Trillium Health Partners - Credit Valley Hospital,Ontario Credit Valley Hospital,ChIJd4VZ3IVBK4gRbITYK9EJ2iQ
Ontario,http://trilliumhealthpartners.ca/,Trillium Health Partners - Queensway Health Centre,Ontario Queensway Health Centre,ChIJJUatMf1HK4gRO89USnWrIwg
Ontario,http://www.uhn.ca/,University Health Network,Ontario University Health Network,ChIJHfpa8ck0K4gRKy1Du0VusV8
Ontario,http://www.ottawaheart.ca/,University of Ottawa Heart Institute,Ontario University of Ottawa Heart Institute,ChIJ9dfW0mAPzkwR6YchIyLHilo
Ontario,http://waha.ca/,Weeneebayko General Hospital,Ontario Moose Factory Hospital,ChIJ347wqW6_EE0RV7g0SZ9zsVU
Ontario,http://www.whgh.ca/,West Haldimand General Hospital: Emergency Department,Ontario Hagersville West Haldimand General Hospital,ChIJs_m8eI72LIgRmrvbmVvCrjc
Ontario,http://www.wngh.ca/,West Nipissing General Hospital,Ontario West Nipissing General Hospital,ChIJJwgj5aAgKU0RuI8CkYRp3e8
Ontario,http://www.wpshcf.com/,West Parry Sound Health Centre Foundation,Ontario West Parry Sound Health Centre,ChIJpTnGm5y6K00R_EzL863fjak
Ontario,http://www.williamoslerhs.ca/,William Osler Health System - Brampton Civic Hospital,Ontario Brampton Civic Hospital,ChIJJz7w7FM6K4gR9_MiTWv52ec
Ontario,http://www.williamoslerhs.ca/,William Osler Health System - Brampton Civic Hospital,Ontario Brampton Memorial Hospital Campus,ChIJJz7w7FM6K4gR9_MiTWv52ec
Ontario,http://www.williamoslerhs.ca/,William Osler Health System - Etobicoke General Hospital,Ontario Etobicoke General Hospital,ChIJJz7w7FM6K4gR7GtzYO4Sh2A
Ontario,http://www.nosh.ca/,Wilson Memorial General Hospital,Ontario Wilson Memorial Hospital,ChIJ8d889TSBQ00RdEvVnATyxA4
Ontario,http://www.wdmh.on.ca/,Winchester District Memorial Hospital,Ontario Winchester District Memorial Hospital,ChIJ9bvf_UrOzUwRSv1VkO5aYF4
Ontario,http://www.wrh.on.ca/,Windsor Regional Hospital - Ouellette Campus,Ontario Windsor Regional Hospital,ChIJB_CN9vwsO4gRcq-CshdF-DE
Prince Edward Island,https://www.princeedwardisland.ca/en/information/health-pei/mental-health-services,Community Mental Health,Newfoundland and Labrador Charlottetown Community Clinic,ChIJSXReOh5TXksRq-9dOBnSOdc
Prince Edward Island,https://www.princeedwardisland.ca/en/information/health-pei/hillsborough-hospital,Hillsborough Hospital,Prince Edward Island Hillsborough Hospital,ChIJ___vw-BSXksR7dff3r_wi1E
Prince Edward Island,https://www.princeedwardisland.ca/en/information/health-pei/prince-county-hospital,Prince County Hospital,Prince Edward Island Prince County Hospital,ChIJ80wgd0uFX0sR79VkvXQaCkI
Prince Edward Island,https://www.princeedwardisland.ca/en/information/health-pei/queen-elizabeth-hospital,Queen Elizabeth Hospital,Prince Edward Island Queen Elizabeth Hospital,ChIJ0ReCnpBSXksRCTBX4hCy3ps
Québec,https://www.richardsonhospital.ca/news/single/?tx_news_pi1%5Bnews%5D=938&tx_news_pi1%5Bcontroller%5D=News&tx_news_pi1%5Baction%5D=detail&cHash=05f14243ccc04817b6fc3faef800323c,Centre hospitalier Richardson,Quebec Centre hospitalier Richardson,ChIJfX7zGUEXyUwRjP6YmCl180I
Québec,http://www.chusj.org/,CHU Sainte-Justine,Quebec Centre hospitalier universitaire Sainte-Justine,ChIJk_7fwewZyUwR4P6mQ2tjG-U
Québec,http://cisss-outaouais.gouv.qc.ca/,Hôpital de Gatineau,Quebec H??pital de Gatineau,ChIJL7TA2XMbzkwRe5ld4K4PpJ0
Québec,https://www.ciusss-centresudmtl.gouv.qc.ca/nos-installations/centre-hospitalier-de-soins-generaux-et-specialises-chsgs/hopital-de-verdun/,Hôpital de Verdun,Quebec Centre hospitalier de Verdun,ChIJcS27oGUQyUwRas0bGAKwQQA
Québec,http://ciusss-nordmtl.gouv.qc.ca/,Hôpital du Sacré-Coeur de Montreal,Quebec H??pital du Sacr??-C??ur de Montr??al,ChIJf36fuIsiyUwRlycCPeU6Ob8
Québec,https://www.chudequebec.ca/,Hôpital Enfant-Jésus,Quebec Centre hospitalier universitaire de Qu??bec,ChIJkcbzER-WuEwRU9hjAiK5dlM
Québec,https://santemonteregie.qc.ca/installations/hopital-honore-mercier,Hôpital Honoré Mercier,Quebec Centre hospitalier Honor??-Mercier,ChIJMYVkQ2tOyEwRYIiPbMWh17c
Québec,https://santemonteregie.qc.ca/installations/hopital-charles-le-moyne,Hospital Charles-Le Moyne,Quebec H??pital Charles-LeMoyne,ChIJxV-osCUFyUwRTKICttXOqFo
Québec,http://www.chudequebec.ca/,Hôtel-Dieu de Québec,Quebec H??pital du Suro??t,ChIJu6fhlN-VuEwRuhBpexajouc
Québec,http://cisss-outaouais.gouv.qc.ca/,Hull Hospital,Quebec H??pital de Hull,ChIJ0YZudWYDzkwR5dRpLtkNWvU
Québec,http://ciusss-estmtl.gouv.qc.ca/,Institut universitaire en santé mentale de Montréal,Quebec Institut universitaire en sant?? mentale de Montr??al,ChIJ2Q8HmModyUwR6St0tRAFJUk
Québec,http://www.jgh.ca/,Jewish General Hospital,Quebec Jewish General Hospital,ChIJef_syO4ZyUwR4fevTqe5Bbw
Québec,http://hjr-jrh.qc.ca/,Jewish Rehabilitation Hospital,Quebec Jewish Rehabilitation Hospital,ChIJc6Ee6lIiyUwRtbsflwuN_T4
Québec,https://fondationlakeshore.ca/,Lakeshore General Hospital Foundation,Quebec Lakeshore General Hospital,ChIJoYHOAxE8yUwRC9N1F8mi-xs
Québec,https://ciusss-ouestmtl.gouv.qc.ca/contact-localisation/centres-hospitaliers-de-soins-generaux-et-specialises/hopital-de-lasalle/,LaSalle Hospital,Quebec Centre hospitalier de LaSalle,ChIJqeeaFGkRyUwRqEy6s-N5PfU
Québec,http://ciusss-estmtl.gouv.qc.ca/,Maisonneuve-Rosemont Hospital,Quebec H??pital Maisonneuve-Rosemont,ChIJ52ufySEcyUwRRaTendo3P5s
Québec,https://www.icm-mhi.org/,Montreal Heart Institute,Quebec Montreal Heart Institute,ChIJuRp_OL0eyUwRMcTTw5jDjJM
Québec,http://sinaimontreal.ca/fr,Mount Sinai Hospital Center,Quebec Centre hospitalier de Mont-Sina??,ChIJCaXDbmwXyUwRjtAJ4gz-6DE
Québec,https://fr.shrinershospitalsforchildren.org/-a4db/montr%C3%A9al,Shriners Hospitals for Children - Canada,Quebec Shriners Hospital for Children ?€? Canada,ChIJ7zxY-j0ayUwRG5zB6H__5wg
Québec,http://www.smhc.qc.ca/,St. Mary's Hospital,Quebec St. Mary's Hospital,ChIJKS_KXeUZyUwRiiunklqnxeo
Québec,http://www.smhc.qc.ca/,St. Mary's Hospital,Quebec Centre hospitalier de St-Mary,ChIJKS_KXeUZyUwRiiunklqnxeo
Saskatchewan,https://www.fhhr.ca/AssiniboiaHospital.htm,Assiniboia Union Hospital,Saskatchewan Assiniboia Union Hospital,ChIJafsXEhPKGVMR4geMa-coaJU
Saskatchewan,http://www.rqhealth.ca/facilities/balcarres-integrated-care-centre,Balcarres Integrated Care Centre,Saskatchewan Balcarres Hospital,ChIJF6ZWHgzuHVMR8D9SjOO6i38
Saskatchewan,http://www.pnrha.ca/bins/content_page.asp?cid=19-123,Battlefords Union Hospital,Saskatchewan Battlefords Union Hospital,ChIJIxK9_jUEBlMRrlO8YB9YHe8
Saskatchewan,http://www.ehealth-north.sk.ca/facility.aspx?m=4&facility=31,Big River Health Centre,Saskatchewan Big River Hospital,ChIJLc8Z8mFKYkERbQJeHrl9Ld4
Saskatchewan,http://www.rqhealth.ca/facilities/the-broadview-hospital,Broadview Union Hospital,Saskatchewan Broadview Union Hospital,ChIJI5OFZK6oc0ER6TiCR1gmvj4
Saskatchewan,http://www.sunrisehealthregion.sk.ca/default.aspx?page=14,Canora Hospital,Saskatchewan Canora Hospital,ChIJO-ABrykX41IRjaTt__XBdJQ
Saskatchewan,https://www.kelseytrailhealth.ca/Facilities/CarrotRiver/Pages/default.aspx,Carrot River Health Centre,Saskatchewan Carrot River Union Hospital,ChIJJ4e0FgzV_VIRElNtgwjTmtk
Saskatchewan,http://www.rqhealth.ca/facilities/cupar-health-clinic,Cupar Primary Health Care Clinic,Saskatchewan Cupar Health Centre,ChIJuYvAxy2yHVMR__JnwStpWCo
Saskatchewan,https://cypresshealth.ca/health-facilities/swift-current/cypress-regional-hospital/,Cypress Regional Hospital,Saskatchewan Swift Current Regional Hospital,ChIJG4tiv7nfEFMRyVb8-kSamhk
Saskatchewan,https://www.hrha.sk.ca/health-facilities/Pages/Davidson.aspx,Davidson Health Ctr,Saskatchewan Davidson Hospital,ChIJ6dlAhWAVG1MRsPMhCW8fgas
Saskatchewan,http://www.fhhr.ca/,Dr. F. H. Wigmore Regional Hospital,Saskatchewan Moose Jaw Union Hospital,ChIJQSeygLrdG1MRqBAIb6MW4Xc
Saskatchewan,https://www.suncountry.sk.ca/map/live/menu_id/18/id/11,Fillmore Union Health Centre,Saskatchewan Fillmore Health Centre,ChIJa6V_NFyzH1MRd-sdrNGODSU
Saskatchewan,http://www.sunrisehealthregion.sk.ca/default.aspx?page=16,Foam Lake Health Centre,Saskatchewan Foam Lake Health Centre,ChIJG8evqKGj4lIRkxRjtMGM558
Saskatchewan,http://www.saskatoonhealthregion.ca/locations_services/locations/Pages/Hospitals/Humboldt-District-Health-Complex.aspx,Humboldt District Health Complex,Saskatchewan Humboldt District Hospital,ChIJJ8nXq2IbA1MRNdMIs1vfYqk
Saskatchewan,http://www.sunrisehealthregion.sk.ca/default.aspx?page=19,Kamsack Hospital and Nursing Home,Saskatchewan Kamsack Union Hospital,ChIJA-h-2WR741IRojnEpT3seYY
Saskatchewan,https://www.hrha.sk.ca/health-facilities/Pages/Kerrobert.aspx,Kerrobert Health Centre,Saskatchewan Kerrobert Hospital,ChIJrz1r-sT7DlMRLAlQd3ROax8
Saskatchewan,https://www.hrha.sk.ca/health-facilities/Pages/Kindersley.aspx,Kindersley Hospital,Saskatchewan Kindersley Hospital,ChIJQ6Af3wVADlMRMzsFICwWdn4
Saskatchewan,http://www.mcrhealth.ca/facilities.html,La Ronge Health Centre,Saskatchewan La Ronge Health Centre,ChIJGxv_qHUlVVIRRFcghS3UD7g
Saskatchewan,http://www.saskatoonhealthregion.ca/locations_services/locations/Pages/Hospitals/Lanigan-Hospital.aspx,Lanigan Hospital,Saskatchewan Lanigan Hospital,ChIJAcSdDDwuA1MRP-LIO1hnTzo
Saskatchewan,https://cypresshealth.ca/health-facilities/leader/leader-and-district-integrated-healthcare-facility/,Leader Hospital,Saskatchewan Leader Hospital,ChIJby0lYloFElMRB2Yr_o8a-Rk
Saskatchewan,https://www.albertahealthservices.ca/findhealth/facility.aspx?id=1000201,Lloydminster Hospital (Saskatchewan),Alberta Lloydminster Hospital,ChIJBWntJKCyCVMRkGbiMFGElGk
Saskatchewan,http://www.kelseytrailhealth.ca/,Melfort Hospital,Saskatchewan Melfort Hospital,ChIJIWy9Co4SAlMR_1668wJq8UE
Saskatchewan,http://www.kelseytrailhealth.ca/Facilities/Nipawin/Pages/default.aspx,Nipawin Hospital,Saskatchewan Nipawin Hospital,ChIJXULI3I9z_lIRiPiZ_z5D0VQ
Saskatchewan,http://www.suncountry.sk.ca/,Redvers Health Centre,Saskatchewan Redvers Health Centre,ChIJ0wVUv-mF4FIRHO8EYCszPBg
Saskatchewan,https://www.saskatoonhealthregion.ca/locations_services/locations/sch/Pages/Home.aspx,Saskatoon City Hospital,Saskatchewan Saskatoon City Hospital,ChIJ4Vp0aMT2BFMRJuQqF0tfm08
Saskatchewan,http://www.cypresshealth.ca/,Southwest Integrated Healthcare Facility,Saskatchewan Maple Creek Hospital,ChIJLZNhon-cE1MRPEumGW9bhiw
Saskatchewan,https://www.saskatoonhealthregion.ca/locations_services/locations/sph/Pages/Home.aspx,St. Paul's Hospital,Saskatchewan St. Paul's Hospital,ChIJLzZD0Tn3BFMR15O5uNll6ss
Yukon,https://yukonhospitals.ca/dawson-city-hospital/programs-and-services/emergency-services,Dawson City Community Hospital,Yukon Dawson City Community Hospital,ChIJTXubrszjSFER4m4hWX2Iyq4
Yukon,https://yukonhospitals.ca/watson-lake-community-hospital/programs-and-services/emergency-services,Watson Lake Community Hospital,Yukon Watson Lake Community Hospital,ChIJ6bgdq1RY-1MRz5WZkJoQVB4
Yukon,https://yukonhospitals.ca/,Whitehorse General Hospital,Yukon Whitehorse General Hospital,ChIJfx4aFN5EVFERnETkqx00PDQ
